{
  "best_epoch": 7,
  "best_val_macro_f1": 0.6825805467619428,
  "test_metrics": {
    "macro_f1": 0.7388396792629444,
    "micro_f1": 0.8960310612597067,
    "rare_class_f1": 0.6202536681923262,
    "per_label": {
      "airway_dilation": {
        "precision": 0.7520661157024794,
        "recall": 0.9891304347826086,
        "f1": 0.8544600938967136,
        "threshold": 0.15000000000000002,
        "support": 92
      },
      "airway_stent": {
        "precision": 0.8,
        "recall": 1.0,
        "f1": 0.8888888888888888,
        "threshold": 0.8500000000000002,
        "support": 12
      },
      "bal": {
        "precision": 0.94,
        "recall": 0.94,
        "f1": 0.94,
        "threshold": 0.45000000000000007,
        "support": 50
      },
      "blvr": {
        "precision": 1.0,
        "recall": 1.0,
        "f1": 1.0,
        "threshold": 0.8500000000000002,
        "support": 2
      },
      "brachytherapy_catheter": {
        "precision": 0.0,
        "recall": 0.0,
        "f1": 0.0,
        "threshold": 0.5,
        "support": 0
      },
      "bronchial_thermoplasty": {
        "precision": 1.0,
        "recall": 1.0,
        "f1": 1.0,
        "threshold": 0.7500000000000002,
        "support": 1
      },
      "brushings": {
        "precision": 0.9929078014184397,
        "recall": 0.8641975308641975,
        "f1": 0.9240924092409241,
        "threshold": 0.6500000000000001,
        "support": 162
      },
      "chest_tube": {
        "precision": 0.7083333333333334,
        "recall": 0.9444444444444444,
        "f1": 0.8095238095238095,
        "threshold": 0.8500000000000002,
        "support": 18
      },
      "cryotherapy": {
        "precision": 1.0,
        "recall": 1.0,
        "f1": 1.0,
        "threshold": 0.30000000000000004,
        "support": 27
      },
      "diagnostic_bronchoscopy": {
        "precision": 0.9861878453038674,
        "recall": 0.9972067039106145,
        "f1": 0.9916666666666667,
        "threshold": 0.5500000000000002,
        "support": 358
      },
      "endobronchial_biopsy": {
        "precision": 0.3333333333333333,
        "recall": 1.0,
        "f1": 0.5,
        "threshold": 0.8000000000000002,
        "support": 1
      },
      "fibrinolytic_therapy": {
        "precision": 0.9487179487179487,
        "recall": 0.8222222222222222,
        "f1": 0.8809523809523809,
        "threshold": 0.30000000000000004,
        "support": 45
      },
      "foreign_body_removal": {
        "precision": 0.875,
        "recall": 0.9333333333333333,
        "f1": 0.9032258064516129,
        "threshold": 0.5000000000000001,
        "support": 30
      },
      "ipc": {
        "precision": 0.28169014084507044,
        "recall": 0.9523809523809523,
        "f1": 0.43478260869565216,
        "threshold": 0.8500000000000002,
        "support": 21
      },
      "linear_ebus": {
        "precision": 0.6,
        "recall": 1.0,
        "f1": 0.75,
        "threshold": 0.40000000000000013,
        "support": 21
      },
      "mechanical_debulking": {
        "precision": 0.4,
        "recall": 0.6666666666666666,
        "f1": 0.5,
        "threshold": 0.6500000000000001,
        "support": 3
      },
      "medical_thoracoscopy": {
        "precision": 0.9241379310344827,
        "recall": 0.9852941176470589,
        "f1": 0.9537366548042705,
        "threshold": 0.5,
        "support": 136
      },
      "navigational_bronchoscopy": {
        "precision": 0.9726443768996961,
        "recall": 0.9846153846153847,
        "f1": 0.9785932721712538,
        "threshold": 0.20000000000000004,
        "support": 325
      },
      "peripheral_ablation": {
        "precision": 1.0,
        "recall": 0.9629629629629629,
        "f1": 0.9811320754716981,
        "threshold": 0.45000000000000007,
        "support": 81
      },
      "pleural_biopsy": {
        "precision": 0.012658227848101266,
        "recall": 1.0,
        "f1": 0.025,
        "threshold": 0.5,
        "support": 1
      },
      "pleurodesis": {
        "precision": 0.9924812030075187,
        "recall": 0.9705882352941176,
        "f1": 0.9814126394052045,
        "threshold": 0.5000000000000001,
        "support": 136
      },
      "radial_ebus": {
        "precision": 0.9929328621908127,
        "recall": 0.8646153846153846,
        "f1": 0.9243421052631579,
        "threshold": 0.8500000000000002,
        "support": 325
      },
      "rigid_bronchoscopy": {
        "precision": 1.0,
        "recall": 1.0,
        "f1": 1.0,
        "threshold": 0.8500000000000002,
        "support": 23
      },
      "tbna_conventional": {
        "precision": 1.0,
        "recall": 0.92,
        "f1": 0.9583333333333334,
        "threshold": 0.8500000000000002,
        "support": 100
      },
      "therapeutic_aspiration": {
        "precision": 0.1,
        "recall": 1.0,
        "f1": 0.18181818181818182,
        "threshold": 0.5000000000000001,
        "support": 1
      },
      "thermal_ablation": {
        "precision": 1.0,
        "recall": 1.0,
        "f1": 1.0,
        "threshold": 0.6500000000000001,
        "support": 12
      },
      "thoracentesis": {
        "precision": 0.011111111111111112,
        "recall": 0.5,
        "f1": 0.021739130434782608,
        "threshold": 0.7000000000000002,
        "support": 2
      },
      "transbronchial_biopsy": {
        "precision": 0.8862559241706162,
        "recall": 0.8990384615384616,
        "f1": 0.8926014319809069,
        "threshold": 0.5500000000000002,
        "support": 208
      },
      "transbronchial_cryobiopsy": {
        "precision": 0.8571428571428571,
        "recall": 0.9230769230769231,
        "f1": 0.8888888888888888,
        "threshold": 0.45000000000000007,
        "support": 13
      },
      "whole_lung_lavage": {
        "precision": 0.0,
        "recall": 0.0,
        "f1": 0.0,
        "threshold": 0.7000000000000002,
        "support": 0
      }
    }
  },
  "config": {
    "model_name": "microsoft/BiomedNLP-BiomedBERT-base-uncased-abstract-fulltext",
    "batch_size": 16,
    "learning_rate": 2e-05,
    "num_epochs": 10,
    "max_length": 512,
    "head_tokens": 382,
    "tail_tokens": 128
  }
}